apk_file,malicious_likelihood_score
1000_com.blueoxtech.sevenlittlewords.apk,2.17703773192
1000_com.creativemobile.DragRacing.apk,1.39305926839
1000_com.droidhermes.birdjump.apk,2.11445342677
1000_com.ezjoynetwork.jewelslink.apk,3.91648360407
1000_com.savvy.mahjong.apk,5.0566814124
1000_com.shootbubble.bubbledexlue.apk,6.36475104947
1000_org.anddev.farmtower.eco.apk,1.86562753909
1310178647_ca.rivalstudios.bubblewrap.apk,1.94647807181
1310178647_com.alonsoruibal.chessdroid.lite.apk,1.9700996061
1310178647_com.androidcan.bsudoku.apk,2.39028375578
1310178647_com.anoshenko.android.solitaires.apk,1.6978466934
1310178647_com.blatter.funtowers.apk,1.1304475882
1310178647_com.chilisapps.android.mathAttack.apk,2.58937387338
1310178647_com.choiceofgames.broadsides.apk,2.39028375578
1310178647_com.choiceofgames.popcornsodamurder.apk,2.39028375578
1310178647_com.controlaltkill.autoball.apk,1.62571736011
1310178647_com.drodin.tuxrider.apk,2.35198265256
1310178647_com.droidhen.basketball.apk,4.1426148923
1310178647_com.forcefields.apk,0.947495439007
1310178647_com.genina.android.blackjack.view.apk,1.47006477701
1310178647_com.icenta.sudoku.ui.apk,1.10150645624
1310178647_com.jacobsmedia.sparts.apk,3.75788502462
1310178647_com.jgames.shapegame.apk,0.947495439007
1310178647_com.kb.Carrom3D.apk,1.10150645624
1310178647_com.kiragames.unblockmefree.apk,1.07054041129
1310178647_com.magmamobile.game.BubbleBlast.apk,1.39305926839
1310178647_com.magmamobile.game.BubbleBlast2.apk,1.39305926839
1310178647_com.magmamobile.game.fingerstadium.apk,1.39305926839
1310178647_com.magmamobile.game.TapAndFurious.apk,1.39305926839
1310178647_com.magmamobile.games.mahjong3D.apk,1.58259553561
1310178647_com.nix.game.mahjong.apk,1.58259553561
1310178647_com.nix.game.pinball.free.apk,1.34094191495
1310178647_com.nix.game.pinball.free.xmas.apk,1.13095381645
1310178647_com.noinnion.android.bubblebreaker.apk,2.39028375578
1310178647_com.odesys.solitaire.ads.apk,2.39028375578
1310178647_com.odesys.spider.ads.apk,2.39028375578
1310178647_com.optimesoftware.tictactoe.free.apk,2.30921056665
1310178647_com.outfit7.talkingtom.apk,1.98881804824
1310178647_com.piggybank.corners.apk,0.947495439007
1310178647_com.progimax.airhorn.free.apk,2.04791045874
1310178647_com.progimax.shotgun.free.apk,1.39305926839
1310178647_com.progimax.siren.free.apk,1.58259553561
1310178647_com.resetgame.par72golf.apk,1.07054041129
1310178647_com.resetgame.tankace.apk,1.07054041129
1310178647_com.speedymarks.android.statequiz.free.apk,1.07054041129
1310178647_com.teamlava.restaurantstory.apk,1.30208942204
1310178647_com.tesseractmobile.solitairefreepack.apk,1.07054041129
1310178647_com.virtuesoft.minesweeper.apk,1.47006477701
1310178647_com.virtuesoft.wordsearch.apk,1.47006477701
1310178647_com.zinine.game.sichuankorea.apk,1.39305926839
1310178647_coolcherrytrees.games.reactor.apk,1.47006477701
1310178647_dk.logisoft.airattack.apk,2.39028375578
1310178647_goldenhammer.BMSnowFree.apk,2.77979803554
1310178647_info.jdavid.games.android.sudoku.apk,2.45479634943
1310178647_jwtc.android.chess.apk,1.5033038078
1310178647_lucid.app.apk,1.39305926839
1310178647_net.cactii.target.apk,1.10150645624
1310178647_net.othbase.android.apk,1.77534246622
1310178647_net.sunflat.android.papijump.apk,1.28344614894
1310178647_net.sunflat.android.papiorange.apk,1.28344614894
1310178647_org.allbinary.game.zeptoracer.apk,1.11745159579
1310178647_org.mhgames.jewels.apk,1.58259553561
1310178647_org.seanw.wordoid.apk,0.947495439007
1310178647_simplyawesomesoftware.videopoker.apk,1.07054041129
1310178647_smpxg.egggzlite.apk,1.62571736011
1310178647_uk.co.aifactory.backgammonfree.apk,1.58259553561
1310178647_uk.co.aifactory.chessfree.apk,1.58259553561
1310178647_uk.co.androidia.games.BlockShuffleLite.apk,2.39028375578
1310178647_woxandbexter.mole.ui.apk,0.947495439007
1310178647_zok.android.numbers.apk,1.07054041129
1310635736_com.wiirecords.minesweeper3d.apk,4.0733267388
1310635736_ffgames.monstersplatter.free.apk,1.00915445974
1310635736_hu.javaforum.android.falldown.apk,1.13095381645
1310635736_uk.co.teambobk.motocalendarfree.apk,1.28344614894
1310726917_com.borisov.strelok.apk,4.48905565979
682438693_com.jacobsmedia.sparts.apk,3.75788502462
